Variable,VIF
const,928.3223577263373
loan_amount,13.053911934957954
collateral_value,3.3113362291810855
cheque_bounces,1.152266238232752
number_of_loans,1.5587314065749451
missed_repayments,3.477191311808005
vintage_in_months,1.8485817393486352
tenure_years,2.716902279321161
interest,1.0021307141556368
monthly_emi,7.944466279471019
total_repayment,6.640873110297347
avg_balance_amt,4.818875125762339
avg_rr_per_city,1.0063305469935115
